Item,ForecastDemand,SafetyStock,ReorderPoint
Headphones,11.285714285714286,14.012903557139577,70.44147498571101
Keyboard,15.285714285714286,14.8772936559518,91.30586508452323
Laptop,15.714285714285714,14.497694732003872,93.06912330343243
Monitor,20.571428571428573,14.637805997033146,117.494948854176
Mouse,12.428571428571429,13.267296673284621,75.41015381614177
